Video,MOS,CI,Video_path,Algo,Video_ID,ref_video_path,SI_mean,SI_max,TI_mean,TI_max,SI_p95,TI_p95,PSNR,LPIPS_alex,VIF
Fehn_c_Book_arrival_bh_8_to_10,2.21875,0.2702558647316927,Book_arrival_A1_8_to_10.avi,Fehn_c,Book_arrival,Book_arrival_cam_10.avi,52.3928384280656,53.85169034317117,11.50703135438485,20.227263510515137,53.699457318622414,18.95423562405861,17.256301730841976,0.3779283208506448,0.7870648981764522
Fehn_c_Book_arrival_bh_10_to_8,2.15625,0.3014268639270146,Book_arrival_A1_10_to_8.avi,Fehn_c,Book_arrival,Book_arrival_cam_08.avi,51.24710646210479,52.930172936495424,11.464843744529077,20.093689681089426,52.83505924308753,19.07294488751098,17.04396346125325,0.3662696736199515,0.7900142183201407
Fehn_c_Book_arrival_sh_8_to_9,3.40625,0.2982991335000405,Book_arrival_A1_8_to_9.avi,Fehn_c,Book_arrival,Book_arrival_cam_09.avi,52.86926084222714,54.412638111651695,11.376855731278123,20.091155544567716,54.27140641104749,18.722763546906908,20.438228373887423,0.23650650892938888,0.8254421624199907
Fehn_c_Book_arrival_sh_10_to_9,3.5625,0.25895787241846885,Book_arrival_A1_10_to_9.avi,Fehn_c,Book_arrival,Book_arrival_cam_09.avi,51.597449366890714,53.31840131769913,11.218186364536221,19.785045065525665,53.22552633298302,18.717465500928984,20.225193223369338,0.24158773251942225,0.827186845697389
Fehn_i_Book_arrival_bh_8_to_10,2.03125,0.2804738422239675,Book_arrival_A2_8_to_10.avi,Fehn_i,Book_arrival,Book_arrival_cam_10.avi,53.0561289377187,54.517060634893824,11.310041481715752,19.792037699050056,54.35126903436603,18.544483578163273,23.70706102385588,0.12364824967724937,0.9108337928207204
Fehn_i_Book_arrival_bh_10_to_8,2.0,0.24499999999999997,Book_arrival_A2_10_to_8.avi,Fehn_i,Book_arrival,Book_arrival_cam_08.avi,51.697352478819795,53.26800887483564,11.546631939437727,22.967726834465594,53.19056728242354,18.959686804715414,23.51837608093944,0.12026422577244895,0.9119079656028586
Fehn_i_Book_arrival_sh_8_to_9,3.1875,0.2661028789537986,Book_arrival_A2_8_to_9.avi,Fehn_i,Book_arrival,Book_arrival_cam_09.avi,53.52194178651049,55.062674134210646,11.310853104818285,19.89374534388417,54.93438869335648,18.546203806168684,30.63313784420459,0.08574960167918887,0.9458983102054205
Fehn_i_Book_arrival_sh_10_to_9,2.84375,0.2887127106603985,Book_arrival_A2_10_to_9.avi,Fehn_i,Book_arrival,Book_arrival_cam_09.avi,51.99070225238907,53.698008119671975,11.302561408604417,20.68567716057132,53.61004342851209,18.722608050959657,30.74936896389638,0.08555121826274055,0.946227508153838
Holes_Book_arrival_bh_8_to_10,1.125,0.11458825746995195,Book_arrival_A7_8_to_10.avi,Holes,Book_arrival,Book_arrival_cam_10.avi,69.18872926984523,75.50016394775686,15.025163107705831,24.884469346014573,73.68847988033896,23.145540247044053,20.91193417557244,0.21525228662150248,0.8966914969044308
Holes_Book_arrival_bh_10_to_8,1.125,0.11458825746995195,Book_arrival_A7_10_to_8.avi,Holes,Book_arrival,Book_arrival_cam_08.avi,75.30297256455233,81.73006824611258,15.15340554163656,25.198372421227408,80.9370613807636,23.73413124566353,17.86493401152104,0.24673282674380712,0.8951078318187705
Holes_Book_arrival_sh_8_to_9,1.3125,0.16059885487605446,Book_arrival_A7_8_to_9.avi,Holes,Book_arrival,Book_arrival_cam_09.avi,63.165808673619274,69.46050669378175,13.074518464446815,22.0082177497154,67.96975284341788,20.56154837721206,24.625749186556444,0.13604117184877396,0.9363640866494719
Holes_Book_arrival_sh_10_to_9,1.28125,0.17824434050447435,Book_arrival_A7_10_to_9.avi,Holes,Book_arrival,Book_arrival_cam_09.avi,67.25333153781601,72.72434418799187,12.989564659778411,21.921853613043062,71.82950577011859,20.974640933448423,21.62011816871123,0.15889912843704224,0.9329496619481815
ICIP_TMM_Book_arrival_bh_8_to_10,2.0,0.21217622392718744,Book_arrival_A6_8_to_10.avi,ICIP_TMM,Book_arrival,Book_arrival_cam_10.avi,52.57761101115554,54.031195605550046,11.232863614961534,19.94058601850221,53.81845007019683,18.729019803991044,25.310714905919138,0.09212681225367955,0.9269737486895583
ICIP_TMM_Book_arrival_bh_10_to_8,1.875,0.20770885573321132,Book_arrival_A6_10_to_8.avi,ICIP_TMM,Book_arrival,Book_arrival_cam_08.avi,51.987295288285345,53.88143684024797,11.53929021540085,21.927444867526354,53.21569347554558,18.919399631814112,24.72187360370567,0.09570362844637462,0.9270563178815632
ICIP_TMM_Book_arrival_sh_8_to_9,3.1875,0.18246949659463632,Book_arrival_A6_8_to_9.avi,ICIP_TMM,Book_arrival,Book_arrival_cam_09.avi,53.19389330642239,54.87532999385782,11.316347912195146,19.95695671543474,54.72147406879143,18.631338766642696,32.89957553295443,0.0731922835111618,0.9525665546416329
ICIP_TMM_Book_arrival_sh_10_to_9,2.375,0.22504687011820446,Book_arrival_A6_10_to_9.avi,ICIP_TMM,Book_arrival,Book_arrival_cam_09.avi,52.670685464223396,54.42298876237389,11.331309796821596,20.030502174665067,54.165040039044946,18.97866747438942,32.009608958237465,0.07866874869380679,0.9500657503458105
ICME_Book_arrival_bh_8_to_10,1.9375,0.22815111151931733,Book_arrival_A5_8_to_10.avi,ICME,Book_arrival,Book_arrival_cam_10.avi,52.44655868463839,53.831819366870526,11.364209095433782,19.967328520387195,53.754265127594614,18.67252253868161,25.1791339758108,0.09251782830272402,0.9264535669511881
ICME_Book_arrival_bh_10_to_8,1.6875,0.25161004985393565,Book_arrival_A5_10_to_8.avi,ICME,Book_arrival,Book_arrival_cam_08.avi,51.70779671693609,53.246628472058596,11.639715506704842,23.230326711747253,53.141394219400894,19.218974064354956,24.726549381491342,0.09414427727460861,0.9273997729241119
ICME_Book_arrival_sh_8_to_9,2.40625,0.17016866058964852,Book_arrival_A5_8_to_9.avi,ICME,Book_arrival,Book_arrival_cam_09.avi,53.13479892517049,54.807582837528784,11.363769481493435,19.977485050625916,54.73204043022094,18.600930291950085,32.80156163042868,0.07363072782754898,0.9523885032178294
ICME_Book_arrival_sh_10_to_9,2.34375,0.2226902934500626,Book_arrival_A5_10_to_9.avi,ICME,Book_arrival,Book_arrival_cam_09.avi,52.35477977666944,54.12707957208287,11.387706265672215,20.66979066339776,54.03787697490299,18.983411011043707,32.30106961910914,0.07540468339409147,0.9506190616594766
MPEG_VSRS_Book_arrival_bh_8_to_10,1.96875,0.16169013937737511,Book_arrival_A3_8_to_10.avi,MPEG,Book_arrival,Book_arrival_cam_10.avi,52.55949858703247,53.90947496143985,11.184940562924895,19.85094802077058,53.80108388891023,18.576927842754504,24.87015232620388,0.1116715988942555,0.9263043805189927
MPEG_VSRS_Book_arrival_bh_10_to_8,1.96875,0.18343071218276125,Book_arrival_A3_10_to_8.avi,MPEG,Book_arrival,Book_arrival_cam_08.avi,51.43802992922629,52.87269252708923,11.486689231611413,22.78288097147472,52.682675528898216,18.81688752947819,24.533907378287367,0.11451166442462377,0.92693878116947
MPEG_VSRS_Book_arrival_sh_8_to_9,2.90625,0.21843805883333378,Book_arrival_A3_8_to_9.avi,MPEG,Book_arrival,Book_arrival_cam_09.avi,53.319756160245696,54.91339490661713,11.282663353624807,19.910048636245776,54.85152769013962,18.53409189515923,32.26114516126552,0.0811947158404759,0.9521237681120217
MPEG_VSRS_Book_arrival_sh_10_to_9,2.46875,0.25963606966651415,Book_arrival_A3_10_to_9.avi,MPEG,Book_arrival,Book_arrival_cam_09.avi,51.85391500433809,53.34636209241329,11.309258115299425,20.65350888433819,53.23945062516914,18.810397238441833,31.6515732201451,0.08600861259869166,0.9498287707531294
Muller_Book_arrival_bh_8_to_10,1.84375,0.19579652524208643,Book_arrival_A4_8_to_10.avi,Muller,Book_arrival,Book_arrival_cam_10.avi,52.603721593522536,53.990131084145425,11.330470256227509,19.956182580787623,53.902821312444026,18.715166237751614,25.088788079947165,0.10480335141931262,0.9262596576369009
Muller_Book_arrival_bh_10_to_8,1.875,0.22504687011820446,Book_arrival_A4_10_to_8.avi,Muller,Book_arrival,Book_arrival_cam_08.avi,51.80779496471459,53.4008687385233,11.632209177129798,23.276117896166344,53.223170314361646,19.284358774154686,24.659234904466395,0.10475861706904002,0.9276142442808769
Muller_Book_arrival_sh_8_to_9,2.4375,0.22815111151931733,Book_arrival_A4_8_to_9.avi,Muller,Book_arrival,Book_arrival_cam_09.avi,53.19470159454117,54.87787028262562,11.355155121666767,19.970920650647738,54.77977044444244,18.600288926864195,32.59331340756557,0.0796014251453536,0.9521263103128175
Muller_Book_arrival_sh_10_to_9,2.25,0.2291765149399039,Book_arrival_A4_10_to_9.avi,Muller,Book_arrival,Book_arrival_cam_09.avi,52.345167588689925,54.15674824085137,11.37939611278179,20.76925785831233,54.07711068728825,18.903982058530847,32.03740629086635,0.08029342868498393,0.950993052822737
book_arrival_cam_08,3.96875,0.3180801018169401,Book_arrival_cam_08.avi,Original,Book_arrival,,60.97178088996653,62.91954282869996,13.060625404724878,22.946837199254123,62.80479613465011,21.16560754465217,,0.0,1.0
book_arrival_cam_09,4.0,0.3000624934909393,Book_arrival_cam_09.avi,Original,Book_arrival,,55.16971447135841,57.14575360187676,11.378093066151346,20.006905349151893,56.98400693877841,18.725550041148992,,0.0,1.0
book_arrival_cam_10,4.28125,0.3268062039219497,Book_arrival_cam_10.avi,Original,Book_arrival,,59.952293384410694,61.89669329741661,12.761745604253267,22.54323941034212,61.765963264626976,21.25735225555314,,0.0,1.0
book_arrival_cam_08_qp26,3.90625,0.25044247951750315,Book_arrival_cam_08_qp26.avi,Original,Book_arrival,,61.69873867488897,63.770502450809836,12.705461980538601,22.716956258461558,63.51029379294446,20.90907070421453,,0.0,1.0
book_arrival_cam_08_qp34,3.0,0.31231494520755804,Book_arrival_cam_08_qp34.avi,Original,Book_arrival,,60.46309708572107,62.67936922511242,12.567337828053352,22.56717622509908,62.48413709683114,20.77508179637112,,0.0,1.0
book_arrival_cam_08_qp44,1.0625,0.08387001661797855,Book_arrival_cam_08_qp44.avi,Original,Book_arrival,,55.005171928206316,57.54096153675018,11.941645526852648,21.95506741893878,56.90543749122059,20.03493765780807,,0.0,1.0
Fehn_c_Lovebird1_bh_6_to_8,1.84375,0.23096001666278732,Lovebird1_A1_6_to_8.avi,Fehn_c,Lovebird1,Lovebird_cam_08.avi,50.53056559490973,50.79646650246194,3.6405050427003047,5.467950105237811,50.73534063724075,4.9464664045211295,22.164596360281095,0.13238672763109208,0.8713811623433704
Fehn_c_Lovebird1_bh_8_to_6,1.9375,0.2730609907831948,Lovebird1_A1_8_to_6.avi,Fehn_c,Lovebird1,Lovebird_cam_06.avi,48.596010126782325,48.80902919509297,3.7199621659116406,5.245289934868962,48.72572909178938,4.747463786685184,20.552010567475293,0.12988232225179672,0.8437642868099001
Fehn_c_Lovebird1_sh_6_to_7,2.90625,0.2649991708418632,Lovebird1_A1_6_to_7.avi,Fehn_c,Lovebird1,Lovebird_cam_07.avi,50.636676003133324,50.892100066896454,3.53321419685483,5.167404246509889,50.82723801687166,4.7806271871123975,24.362303281472045,0.11754582151770591,0.9210967945986684
Fehn_c_Lovebird1_sh_8_to_7,2.78125,0.28379809270302536,Lovebird1_A1_8_to_7.avi,Fehn_c,Lovebird1,Lovebird_cam_07.avi,48.404527924446136,48.6249966569033,3.636543538673006,5.1072801023816625,48.53445644567149,4.709018036167837,20.607034512183347,0.12703393250703812,0.8347081607526377
Fehn_i_Lovebird1_bh_6_to_8,1.875,0.24114149114161168,Lovebird1_A2_6_to_8.avi,Fehn_i,Lovebird1,Lovebird_cam_08.avi,50.90104149698106,51.17289936014634,3.658656730287536,5.485541593257965,51.115854975076616,4.961285001592789,23.493621488328316,0.11000911593437195,0.9167957832792911
Fehn_i_Lovebird1_bh_8_to_6,1.96875,0.23697299671455183,Lovebird1_A2_8_to_6.avi,Fehn_i,Lovebird1,Lovebird_cam_06.avi,49.14373859177019,50.039750174872324,4.033099873139021,24.84944304043378,49.27259999521164,4.860486364118783,23.737805777451474,0.11015961691737175,0.9260125292857
Fehn_i_Lovebird1_sh_6_to_7,2.75,0.2291765149399039,Lovebird1_A2_6_to_7.avi,Fehn_i,Lovebird1,Lovebird_cam_07.avi,50.99774710554561,51.24698439731184,3.5492687989364513,5.18522594556953,51.18550416215548,4.792439319947686,24.040573925797386,0.11020191609859467,0.9131010369241894
Fehn_i_Lovebird1_sh_8_to_7,2.71875,0.2903324300209589,Lovebird1_A2_8_to_7.avi,Fehn_i,Lovebird1,Lovebird_cam_07.avi,49.08473695544713,49.29020233248167,3.656609446577128,5.118167082217419,49.21574453383439,4.727912923665369,25.20488793550922,0.09973786100745201,0.9316805490139628
Holes_Lovebird1_bh_6_to_8,1.28125,0.17824434050447435,Lovebird1_A7_6_to_8.avi,Holes,Lovebird1,Lovebird_cam_08.avi,63.22087423392372,67.0451668487199,8.459249904859487,33.59090525592716,64.61789289893925,10.196482748054438,21.571629648958268,0.14205328822135926,0.9143891822822
Holes_Lovebird1_bh_8_to_6,1.25,0.15003124674546964,Lovebird1_A7_8_to_6.avi,Holes,Lovebird1,Lovebird_cam_06.avi,56.75160817413464,58.68993163926148,7.443720838594931,10.471007629612638,57.877771574088804,9.53913735904734,22.800072532823904,0.12856232449412347,0.926996569786711
Holes_Lovebird1_sh_6_to_7,1.6875,0.20198574748605408,Lovebird1_A7_6_to_7.avi,Holes,Lovebird1,Lovebird_cam_07.avi,59.42756982841729,61.50356737149369,6.140567754965922,9.649503020404545,60.65868580173669,7.803685020539071,23.458305592395195,0.12914818823337554,0.9109073108654893
Holes_Lovebird1_sh_8_to_7,1.5,0.1936895066853132,Lovebird1_A7_8_to_7.avi,Holes,Lovebird1,Lovebird_cam_07.avi,55.0579005376235,56.56044684685546,6.216035073538379,9.064143248088056,56.09494937803249,7.994138186980385,24.350899174257503,0.11310846880078315,0.9299298865286213
ICIP_TMM_Lovebird1_bh_6_to_8,1.96875,0.22057442320422144,Lovebird1_A6_6_to_8.avi,ICIP_TMM,Lovebird1,Lovebird_cam_08.avi,51.11300934822936,51.39987176984085,3.808053490994661,5.460302636636318,51.30101535443082,5.087645821380571,23.98501426519024,0.1037799634039402,0.9213001109666288
ICIP_TMM_Lovebird1_bh_8_to_6,1.90625,0.21843805883333378,Lovebird1_A6_8_to_6.avi,ICIP_TMM,Lovebird1,Lovebird_cam_06.avi,49.21663299253056,49.65055028077108,3.8568863864362135,5.320767318038452,49.41519484103672,4.8973398354611595,25.039420694979484,0.0991897590458393,0.9324701049381302
ICIP_TMM_Lovebird1_sh_6_to_7,2.34375,0.25415982530068554,Lovebird1_A6_6_to_7.avi,ICIP_TMM,Lovebird1,Lovebird_cam_07.avi,51.021750575040116,51.2626454985015,3.647099803392454,5.218198282317728,51.20253859013544,4.8636065156412105,24.069272084937506,0.10695448964834213,0.9137073206250272
ICIP_TMM_Lovebird1_sh_8_to_7,2.28125,0.24856295967395262,Lovebird1_A6_8_to_7.avi,ICIP_TMM,Lovebird1,Lovebird_cam_07.avi,49.088625810846885,49.360288107545905,3.7333257881827575,5.17435348353164,49.24439214391947,4.78872879148534,25.717577812741364,0.09183302000164986,0.9330810423912116
ICME_Lovebird1_bh_6_to_8,1.90625,0.21843805883333378,Lovebird1_A5_6_to_8.avi,ICME,Lovebird1,Lovebird_cam_08.avi,50.907542318436406,51.17817598098183,3.9213836488712195,5.550306901729273,51.07939663623639,5.147776465225807,23.725183585124476,0.10471349731087684,0.9205521678534366
ICME_Lovebird1_bh_8_to_6,1.90625,0.20052945057241592,Lovebird1_A5_8_to_6.avi,ICME,Lovebird1,Lovebird_cam_06.avi,49.12170470058711,49.48924638030317,3.9277543897088782,5.473876975546636,49.31855333840101,4.970622138959124,24.813130034023256,0.09887410551309586,0.9320502747325213
ICME_Lovebird1_sh_6_to_7,2.21875,0.25599825667741366,Lovebird1_A5_6_to_7.avi,ICME,Lovebird1,Lovebird_cam_07.avi,51.118442246635965,51.402830238539586,3.6725101417242505,5.240488351301134,51.2949492340627,4.877610396708993,24.01814597362433,0.10763066411018371,0.9134290938474163
ICME_Lovebird1_sh_8_to_7,2.0625,0.2440410922109225,Lovebird1_A5_8_to_7.avi,ICME,Lovebird1,Lovebird_cam_07.avi,49.02873832193039,49.27259752486442,3.7527115331849195,5.193022237077138,49.195895125165485,4.777320140948307,25.43821316488649,0.09182821661233902,0.9329629455434653
MPEG_VSRS_Lovebird1_bh_6_to_8,1.84375,0.19579652524208643,Lovebird1_A3_6_to_8.avi,MPEG,Lovebird1,Lovebird_cam_08.avi,50.72491485902965,50.93036294792249,3.8114539353926165,5.405043803281751,50.869564956230846,5.055815227901498,23.903708774403107,0.1041634015738964,0.9209832297381202
MPEG_VSRS_Lovebird1_bh_8_to_6,1.8125,0.23622974450204187,Lovebird1_A3_8_to_6.avi,MPEG,Lovebird1,Lovebird_cam_06.avi,49.11967492198512,49.33338295121807,3.8366511378216845,5.315784671794693,49.29891311555051,4.850183095970682,24.857954895593576,0.10228822603821755,0.9318342785116607
MPEG_VSRS_Lovebird1_sh_6_to_7,2.15625,0.23096001666278732,Lovebird1_A3_6_to_7.avi,MPEG,Lovebird1,Lovebird_cam_07.avi,50.91816914159081,51.15526748711444,3.6281673965250936,5.180236765152265,51.08152817053451,4.842829228008665,24.145324715333214,0.10657973438501359,0.9135401519329094
MPEG_VSRS_Lovebird1_sh_8_to_7,2.3125,0.25161004985393565,Lovebird1_A3_8_to_7.avi,MPEG,Lovebird1,Lovebird_cam_07.avi,49.1002201093765,49.34325039474586,3.7042797700675947,5.136290688692454,49.25270557722194,4.724438815137533,25.466930293912615,0.09413750693202019,0.9328771114620455
Muller_Lovebird1_bh_6_to_8,1.84375,0.23096001666278732,Lovebird1_A4_6_to_8.avi,Muller,Lovebird1,Lovebird_cam_08.avi,50.91947709459957,51.13500954126747,3.845452496268891,5.413935080985734,51.0992896077749,5.084252570731174,23.829547964355775,0.10319617614150048,0.9210611259478776
Muller_Lovebird1_bh_8_to_6,2.03125,0.25230799862841247,Lovebird1_A4_8_to_6.avi,Muller,Lovebird1,Lovebird_cam_06.avi,49.26036076447352,49.62150691359184,3.8725672376492732,5.388763590556393,49.44170698993293,4.895646484677231,24.817880656396085,0.09979242905974388,0.9320817673586529
Muller_Lovebird1_sh_6_to_7,2.15625,0.21410138789105265,Lovebird1_A4_6_to_7.avi,Muller,Lovebird1,Lovebird_cam_07.avi,51.00797775189734,51.27341798072959,3.650056532960283,5.212479519186951,51.210806503760175,4.852001999061063,24.067232021397018,0.10635038390755654,0.9136660136359255
Muller_Lovebird1_sh_8_to_7,2.09375,0.20052945057241592,Lovebird1_A4_8_to_7.avi,Muller,Lovebird1,Lovebird_cam_07.avi,49.05044739938837,49.28539219734761,3.7286027091990404,5.200802450053834,49.211602791251885,4.76412940040874,25.39013135330409,0.09196194633841515,0.9330019935403736
lovebird_cam_06,3.90625,0.35035187390233125,Lovebird_cam_06.avi,Original,Lovebird1,,58.94691276443426,59.19013982720453,3.968538358595322,5.815112274335081,59.14790266511009,5.377008076329452,,0.0,1.0
lovebird_cam_07,4.25,0.24499999999999997,Lovebird_cam_07.avi,Original,Lovebird1,,57.55909004459908,57.816675113985085,4.068188194434536,5.811710975944406,57.73851539498191,5.401103527332384,,0.0,1.0
lovebird_cam_08,4.0,0.28728796528918504,Lovebird_cam_08.avi,Original,Lovebird1,,56.02934617822312,56.308040881681194,4.047935351423215,5.688904658004372,56.21758173972957,5.320037436805959,,0.0,1.0
lovebird_cam_06_qp26,3.4375,0.34580493733823403,Lovebird_cam_06_qp26.avi,Original,Lovebird1,,58.61450815222912,58.860449016589044,3.7579242681226788,12.873971902652398,58.78394508469673,5.120645988196461,,0.0,1.0
lovebird_cam_06_qp34,2.28125,0.3268062039219497,Lovebird_cam_06_qp34.avi,Original,Lovebird1,,58.09499263478672,58.59395731774283,3.802622273769283,12.781376146655319,58.3277212104091,5.428166410002053,,0.0,1.0
lovebird_cam_06_qp44,1.09375,0.10099287374302704,Lovebird_cam_06_qp44.avi,Original,Lovebird1,,56.76245206756781,57.736279833009256,3.6375346340328583,12.547417452223238,57.50018837678736,5.4151963948907,,0.0,1.0
Fehn_c_Newspaper_bh_4_to_6,2.53125,0.2998670766721065,Newspaper_A1_4_to_6.avi,Fehn_c,Newspaper,Newspaper_cam_06.avi,53.51213863115004,56.44174550907305,8.524422997352465,15.213389628631026,56.01241378958475,13.354361626873251,13.903741706384249,0.3827705149139677,0.731084285414314
Fehn_c_Newspaper_bh_6_to_4,1.96875,0.2667629119121978,Newspaper_A1_6_to_4.avi,Fehn_c,Newspaper,Newspaper_cam_04.avi,53.64011565987892,56.786676602533205,8.850116943789361,15.645776678253178,56.37025224461416,13.55786056483056,14.642003757624241,0.35177300018923624,0.7467822285319514
Fehn_c_Newspaper_sh_4_to_5,3.75,0.3354800664719142,Newspaper_A1_4_to_5.avi,Fehn_c,Newspaper,Newspaper_cam_05.avi,53.12685221847639,56.01479334672217,8.433941877257633,14.517588303440204,55.513025146123375,12.970816326638467,15.842199566066387,0.27588747228894916,0.7674259403383357
Fehn_c_Newspaper_sh_6_to_5,3.3125,0.3054834155686688,Newspaper_A1_6_to_5.avi,Fehn_c,Newspaper,Newspaper_cam_05.avi,55.025616185846246,57.75683373320168,8.525671054928011,15.052799714196036,57.313800431875094,13.211393413375774,16.80805264816072,0.22973966492073877,0.7865921052752586
Fehn_i_Newspaper_bh_4_to_6,2.09375,0.2787968535455072,Newspaper_A2_4_to_6.avi,Fehn_i,Newspaper,Newspaper_cam_06.avi,53.85016364774552,56.76795447180908,8.348451585861776,14.852401144187805,56.365317812801486,13.04154864486871,20.36873938739184,0.15584904913391387,0.8732598243470552
Fehn_i_Newspaper_bh_6_to_4,1.9375,0.22815111151931733,Newspaper_A2_6_to_4.avi,Fehn_i,Newspaper,Newspaper_cam_04.avi,54.21290816781113,57.36505611948451,8.81281648281125,15.332925094056698,56.91473454471745,13.293155190175202,21.96667107530102,0.13641370087862015,0.881922077018946
Fehn_i_Newspaper_sh_4_to_5,2.84375,0.2887127106603985,Newspaper_A2_4_to_5.avi,Fehn_i,Newspaper,Newspaper_cam_05.avi,53.46257148545425,56.3188873655985,8.339744996288587,14.322910698639227,55.821913490004455,12.801297771036303,23.855361138299703,0.10269455398832049,0.9300849069516336
Fehn_i_Newspaper_sh_6_to_5,2.6875,0.2798461491382363,Newspaper_A2_6_to_5.avi,Fehn_i,Newspaper,Newspaper_cam_05.avi,55.58053982483499,58.28682777893128,8.524118450122097,14.900606177483226,57.83473568397999,13.084376738120708,24.17561697402207,0.09836236919675555,0.9281880978226466
Holes_Newspaper_bh_4_to_6,1.15625,0.1527417077843344,Newspaper_A7_4_to_6.avi,Holes,Newspaper,Newspaper_cam_06.avi,123.54204778327477,131.10609020818876,18.138794549365592,30.229337526895456,127.6483770688135,27.33958878240718,14.372646206914231,0.39055214396544863,0.8566532990967954
Holes_Newspaper_bh_6_to_4,1.15625,0.12580502492696782,Newspaper_A7_6_to_4.avi,Holes,Newspaper,Newspaper_cam_04.avi,103.57283391065339,109.12017138290139,15.97877742110317,24.208855658774855,107.96696695379617,21.024044764240063,16.49992868334239,0.303486453635352,0.8656298259081939
Holes_Newspaper_sh_4_to_5,1.1875,0.16059885487605446,Newspaper_A7_4_to_5.avi,Holes,Newspaper,Newspaper_cam_05.avi,94.68474349081633,101.01827237534019,13.463647436556816,23.147272839697678,100.32602165896304,19.122892172751136,18.045504953437547,0.24819673597812653,0.9201201772209106
Holes_Newspaper_sh_6_to_5,1.28125,0.17824434050447435,Newspaper_A7_6_to_5.avi,Holes,Newspaper,Newspaper_cam_05.avi,80.89892028916285,89.0368565777553,12.637054820576603,18.28296829939347,87.96282665922811,17.239104029138677,19.44445513906945,0.1914923478450094,0.9195667857951391
ICIP_TMM_Newspaper_bh_4_to_6,1.4375,0.1718823862049279,Newspaper_A6_4_to_6.avi,ICIP_TMM,Newspaper,Newspaper_cam_06.avi,54.904532113907116,57.88846096399698,8.531344806878087,14.102698583972826,57.38208317662314,13.072268422407634,21.887878950695498,0.14996210911444255,0.890570758449584
ICIP_TMM_Newspaper_bh_6_to_4,1.59375,0.1909463224230176,Newspaper_A6_6_to_4.avi,ICIP_TMM,Newspaper,Newspaper_cam_04.avi,54.557558789450056,57.74555001628314,9.0824836293669,15.04296405355081,57.27215434651583,13.250430378021221,24.027855484070788,0.12138499053461212,0.8987910091430023
ICIP_TMM_Newspaper_sh_4_to_5,2.3125,0.23622974450204187,Newspaper_A6_4_to_5.avi,ICIP_TMM,Newspaper,Newspaper_cam_05.avi,53.924534012249296,56.725219237281756,8.392782220856304,14.121928327267385,56.16091482794651,12.795514322440978,24.587192782782395,0.09504514400448118,0.9372161392620483
ICIP_TMM_Newspaper_sh_6_to_5,2.28125,0.21628059303107844,Newspaper_A6_6_to_5.avi,ICIP_TMM,Newspaper,Newspaper_cam_05.avi,55.68860445335622,58.481222168205356,8.600158343464683,14.698300796935191,58.14445140490576,12.947848147450731,24.83293971649445,0.09072735267026084,0.9357764911038532
ICME_Newspaper_bh_4_to_6,1.40625,0.1909463224230176,Newspaper_A5_4_to_6.avi,ICME,Newspaper,Newspaper_cam_06.avi,53.935749808116036,56.76927444372036,9.256570115430279,37.33669359212299,56.20411663589296,13.349485635532062,21.636948827493942,0.13783524398292815,0.8919076184056174
ICME_Newspaper_bh_6_to_4,1.6875,0.21977572019561212,Newspaper_A5_6_to_4.avi,ICME,Newspaper,Newspaper_cam_04.avi,53.97356129241471,57.0640236212528,9.148296395724206,14.98551119671375,56.58856208086116,13.097937604712563,24.043060242135926,0.11645237622516495,0.899871637108236
ICME_Newspaper_sh_4_to_5,1.9375,0.22815111151931733,Newspaper_A5_4_to_5.avi,ICME,Newspaper,Newspaper_cam_05.avi,53.84953003003228,56.59601006589666,8.646333312014438,14.155060012678396,56.26448835818976,12.88764355932141,24.45940905831794,0.09412689028041703,0.9372530244523932
ICME_Newspaper_sh_6_to_5,2.0625,0.2440410922109225,Newspaper_A5_6_to_5.avi,ICME,Newspaper,Newspaper_cam_05.avi,55.50564569974893,58.3675450970408,8.674439836682147,14.815937939915253,57.90620557398806,12.964768284508269,24.850167499187272,0.08826313274247306,0.9360779971752783
MPEG_VSRS_Newspaper_bh_4_to_6,1.5625,0.2110682465163815,Newspaper_A3_4_to_6.avi,MPEG,Newspaper,Newspaper_cam_06.avi,53.34290141164065,56.20276659068673,9.296011999428572,95.05609482032013,55.856041981593705,13.080657877083679,21.820983495047923,0.143415561744145,0.8922211999819284
MPEG_VSRS_Newspaper_bh_6_to_4,1.875,0.24114149114161168,Newspaper_A3_6_to_4.avi,MPEG,Newspaper,Newspaper_cam_04.avi,53.681060375359394,61.202709330715564,9.535868890679867,77.232182462116,56.20864909732165,13.648044161149816,23.737151476929004,0.12099398938672883,0.8986478762479286
MPEG_VSRS_Newspaper_sh_4_to_5,2.3125,0.23622974450204187,Newspaper_A3_4_to_5.avi,MPEG,Newspaper,Newspaper_cam_05.avi,53.46104716484817,56.306372593243196,8.363315619232477,14.091053625963847,55.80671864153388,12.7585008801525,24.637455401793655,0.09548486982073102,0.9383393383168861
MPEG_VSRS_Newspaper_sh_6_to_5,2.5,0.2739183272437242,Newspaper_A3_6_to_5.avi,MPEG,Newspaper,Newspaper_cam_05.avi,55.39732145383494,58.26441487928411,8.501503961069279,14.667622407835365,57.80466233007512,12.908463721731751,24.882842991923216,0.08917366660067014,0.9363242848140615
Muller_Newspaper_bh_4_to_6,1.625,0.22504687011820446,Newspaper_A4_4_to_6.avi,Muller,Newspaper,Newspaper_cam_06.avi,54.531970280493915,57.00590391433774,8.466787107128289,14.069679584838479,56.66679339573363,12.889138376609463,21.60430125300828,0.14644609498126165,0.8927592670886776
Muller_Newspaper_bh_6_to_4,1.75,0.2291765149399039,Newspaper_A4_6_to_4.avi,Muller,Newspaper,Newspaper_cam_04.avi,54.16159503032344,57.29093278607246,8.919066801583394,14.885810806531827,56.72944665936377,12.967009296495121,23.999645167408325,0.119745350841965,0.900613941491286
Muller_Newspaper_sh_4_to_5,2.21875,0.207426450632206,Newspaper_A4_4_to_5.avi,Muller,Newspaper,Newspaper_cam_05.avi,54.00378135829105,56.72672227706918,8.381729941350574,14.107234995097647,56.39051181976096,12.770957496272683,24.540037167490237,0.09656353986689023,0.9383304329176434
Muller_Newspaper_sh_6_to_5,2.34375,0.2226902934500626,Newspaper_A4_6_to_5.avi,Muller,Newspaper,Newspaper_cam_05.avi,55.51449178634254,58.38322487649816,8.552342916747591,14.69181103453719,57.94744737039564,12.911717479906642,24.877341278393143,0.08839711334024157,0.9368502065043591
newspaper_cam_04,4.65625,0.1859696663353327,Newspaper_cam_04.avi,Original,Newspaper,,62.2998944735109,65.09785701533968,9.547652191290192,16.287798256542924,65.0144791792069,14.573091249094944,,0.0,1.0
newspaper_cam_05,4.59375,0.1909463224230176,Newspaper_cam_05.avi,Original,Newspaper,,64.45098308107869,67.18253380929374,9.467619929276582,16.34280780241467,67.08860943090615,14.518861416358082,,0.0,1.0
newspaper_cam_06,4.75,0.15003124674546964,Newspaper_cam_06.avi,Original,Newspaper,,66.09589524020839,68.70251192775181,9.272263037017582,16.422416354869412,68.31034176810023,14.345650903210208,,0.0,1.0
newspaper_cam_04_qp26,4.34375,0.2685150681002372,Newspaper_cam_04_qp26.avi,Original,Newspaper,,62.44416803161553,65.27081899830289,9.40440556978975,28.55083916693553,65.07797166118536,14.766542239500957,,0.0,1.0
newspaper_cam_04_qp34,3.09375,0.23498576668997423,Newspaper_cam_04_qp34.avi,Original,Newspaper,,61.87250868608206,64.77173218695515,9.36071601749174,28.52493206335583,64.3911371579915,14.92748909118845,,0.0,1.0
newspaper_cam_04_qp44,1.21875,0.14323532183743992,Newspaper_cam_04_qp44.avi,Original,Newspaper,,60.561940368265354,63.87116701493759,9.17486430992023,28.11456703950005,62.942454255313756,14.93742929055566,,0.0,1.0
